{
  "h2_2010_2014_us": {
    "SPY": {"beta_cs": -0.00398, "se_cs": 0.00119, "t_cs": -3.36, "p_cs": 0.000784, "r2": 0.3273, "n_test": 1258},
    "XLE": {"beta_cs": -0.00185, "se_cs": 0.00118, "t_cs": -1.57, "p_cs": 0.117, "r2": null, "n_test": 1258},
    "XLF": {"beta_cs": -0.00428, "se_cs": 0.00232, "t_cs": -1.84, "p_cs": 0.0651, "r2": null, "n_test": 1258},
    "XLK": {"beta_cs": -0.00317, "se_cs": 0.00119, "t_cs": -2.66, "p_cs": 0.00779, "r2": null, "n_test": 1258},
    "XLV": {"beta_cs": -0.00387, "se_cs": 0.00078, "t_cs": -4.94, "p_cs": 7.95e-07, "r2": null, "n_test": 1258}
  },
  "h3_2020_2024_all": {
    "SPY":  {"beta_cs": -0.00322, "se_cs": 0.00134, "t_cs": -2.40, "p_cs": 0.0165, "r2": null, "n_test": 1258},
    "XLE":  {"beta_cs": 0.00344, "se_cs": 0.00254, "t_cs": 1.35, "p_cs": 0.176, "r2": null, "n_test": 1258},
    "XLF":  {"beta_cs": -0.00256, "se_cs": 0.00194, "t_cs": -1.32, "p_cs": 0.187, "r2": null, "n_test": 1258},
    "XLK":  {"beta_cs": -0.00064, "se_cs": 0.00201, "t_cs": -0.32, "p_cs": 0.751, "r2": null, "n_test": 1258},
    "XLV":  {"beta_cs": -0.00112, "se_cs": 0.00109, "t_cs": -1.03, "p_cs": 0.305, "r2": null, "n_test": 1258},
    "ASHR": {"beta_cs": -0.00044, "se_cs": 0.00266, "t_cs": -0.16, "p_cs": 0.87, "r2": null, "n_test": 931},
    "EFA":  {"beta_cs": -0.00504, "se_cs": 0.00255, "t_cs": -1.98, "p_cs": 0.0482, "r2": null, "n_test": 931},
    "EWJ":  {"beta_cs": 0.00039, "se_cs": 0.00139, "t_cs": 0.28, "p_cs": 0.78, "r2": null, "n_test": 931},
    "GLD":  {"beta_cs": 0.00020, "se_cs": 0.00107, "t_cs": 0.19, "p_cs": 0.852, "r2": null, "n_test": 931},
    "TSM":  {"beta_cs": -0.00359, "se_cs": 0.00294, "t_cs": -1.22, "p_cs": 0.221, "r2": null, "n_test": 931}
  }
}
